{"name":"TypeOfCoverage","identifier":"IC6OXVUN5O","description":null,"slotTypeName":"AutoInsuranceCoverageType","obfuscationSetting":null,"valueElicitationSetting":{"promptSpecification":{"messageGroupsList":[{"message":{"ssmlMessage":null,"imageResponseCard":null,"plainTextMessage":{"value":"Got it. And what type of coverage would you need for your new vehicle, is it comprehensive, or liability?"},"customPayload":null},"variations":null}],"allowInterrupt":true,"maxRetries":4},"sampleUtterances":null,"defaultValueSpecification":null,"waitAndContinueSpecification":null,"slotConstraint":"Required"},"multipleValuesSetting":null}