{"name":"LicenceConfirmation","identifier":"IZ5LNUCQWQ","description":null,"slotTypeName":"ConfirmationSlot","obfuscationSetting":null,"valueElicitationSetting":{"promptSpecification":{"messageGroupsList":[{"message":{"ssmlMessage":{"value":"<speak>Just to confirm, that is <say-as interpret-as='characters'>{LicenseNumber}</say-as> . Correct?</speak>"},"imageResponseCard":null,"plainTextMessage":null,"customPayload":null},"variations":null}],"allowInterrupt":true,"maxRetries":4},"sampleUtterances":null,"defaultValueSpecification":null,"waitAndContinueSpecification":null,"slotConstraint":"Required"},"multipleValuesSetting":null}