{"name":"PhoneNumber","identifier":"BGPGHBAMVV","description":null,"slotTypeName":"AMAZON.PhoneNumber","obfuscationSetting":null,"valueElicitationSetting":{"promptSpecification":{"messageGroupsList":[{"message":{"ssmlMessage":null,"imageResponseCard":null,"plainTextMessage":{"value":"Next, please say or enter your phone number."},"customPayload":null},"variations":[{"ssmlMessage":null,"imageResponseCard":null,"plainTextMessage":{"value":"OK, please say or enter your 10 digits phone number."},"customPayload":null}]}],"allowInterrupt":true,"maxRetries":4},"sampleUtterances":null,"defaultValueSpecification":null,"waitAndContinueSpecification":null,"slotConstraint":"Required"},"multipleValuesSetting":null}