{"name":"PhoneNumber","identifier":"TN8JTNOKAE","description":null,"slotTypeName":"AMAZON.PhoneNumber","obfuscationSetting":null,"valueElicitationSetting":{"promptSpecification":{"messageGroupsList":[{"message":{"ssmlMessage":null,"imageResponseCard":null,"plainTextMessage":{"value":"Please make sure you are in a safe location before we begin.  Say or enter the policy holder's  phone number."},"customPayload":null},"variations":[{"ssmlMessage":null,"imageResponseCard":null,"plainTextMessage":{"value":"Please say or enter the policy holder's  phone number. Make sure you are in a safe location. "},"customPayload":null}]}],"allowInterrupt":true,"maxRetries":4},"sampleUtterances":null,"defaultValueSpecification":null,"waitAndContinueSpecification":null,"slotConstraint":"Required"},"multipleValuesSetting":null}