{"name":"ZipCode","identifier":"SYYRYHKXUL","description":null,"slotTypeName":"Zipcode","obfuscationSetting":null,"valueElicitationSetting":{"promptSpecification":{"messageGroupsList":[{"message":{"ssmlMessage":null,"imageResponseCard":null,"plainTextMessage":{"value":"Thank you. Say or enter the zipcode where you would like to insure your vehicle."},"customPayload":null},"variations":[{"ssmlMessage":null,"imageResponseCard":null,"plainTextMessage":{"value":"OK. Say or enter the 5 digits zipcode where you would like to insure your vehicle."},"customPayload":null},{"ssmlMessage":null,"imageResponseCard":null,"plainTextMessage":{"value":"OK. Say or enter the zipcode where you would like to insure your vehicle. It should be 5 digits."},"customPayload":null}]}],"allowInterrupt":true,"maxRetries":4},"sampleUtterances":null,"defaultValueSpecification":null,"waitAndContinueSpecification":null,"slotConstraint":"Required"},"multipleValuesSetting":null}