{"name":"MakePremiumPayment","identifier":"WJJZLE5EPF","description":"Responds to phrases that indicate that user wants to make a premium payment.","parentIntentSignature":null,"sampleUtterances":[{"utterance":"I want to make my premium payment"},{"utterance":"Make premium payment"},{"utterance":"I want to pay my insurance premium"},{"utterance":"How do I pay my premium online?"},{"utterance":"Insurance bill payment"},{"utterance":"I want to pay my premium for auto policy"},{"utterance":"Pay auto insurance premium"},{"utterance":"How can I pay my insurance bill online?"}],"intentConfirmationSetting":{"isActive":false,"promptSpecification":{"messageGroupsList":[{"message":{"ssmlMessage":null,"imageResponseCard":null,"plainTextMessage":{"value":"Okay. Can I go ahead with this payment method?"},"customPayload":null},"variations":null}],"allowInterrupt":true,"maxRetries":4},"declinationResponse":{"messageGroupsList":[{"message":{"ssmlMessage":null,"imageResponseCard":null,"plainTextMessage":{"value":"Okay then, I'll not proceed. What else can I do for you?"},"customPayload":null},"variations":null}],"allowInterrupt":true}},"intentClosingSetting":{"isActive":false,"closingResponse":{"messageGroupsList":[{"message":{"ssmlMessage":null,"imageResponseCard":null,"plainTextMessage":{"value":"Thank you. Your payment will be processed on Payment due Date. Your confirmation code is 230036.  We will email you the confirmation code. Is there anything else I can help you with?"},"customPayload":null},"variations":null}],"allowInterrupt":true}},"inputContexts":null,"outputContexts":[{"name":"CardPayment","turnsToLive":3,"timeToLiveInSeconds":90},{"name":"ElectronicCheckPayment","turnsToLive":3,"timeToLiveInSeconds":90}],"kendraConfiguration":null,"dialogCodeHook":{"enabled":true},"fulfillmentCodeHook":{"postFulfillmentStatusSpecification":null,"fulfillmentUpdatesSpecification":null,"enabled":true},"slotPriorities":[{"priority":1,"slotName":"PhoneNumber"},{"priority":5,"slotName":"PaymentAmount"},{"priority":4,"slotName":"PolicyType"},{"priority":3,"slotName":"DOB"},{"priority":2,"slotName":"PhoneNumberConfirmation"},{"priority":6,"slotName":"PaymentMethod"}]}