{"name":"ConfirmationSlot","identifier":"ZNCX7EGNGD","description":"Conditional slot to recognise words that represent yes or no.","slotTypeValues":[{"synonyms":[{"value":"yep"},{"value":"confirm"},{"value":"go ahead"},{"value":"proceed"},{"value":"yes"}],"sampleValue":{"value":"Confirmed"}},{"synonyms":[{"value":"nope"},{"value":"cancel"},{"value":"no"},{"value":"deny"}],"sampleValue":{"value":"Denied"}}],"parentSlotTypeSignature":null,"valueSelectionSetting":{"regexFilter":null,"resolutionStrategy":"TOP_RESOLUTION"}}