{"name":"PhoneNumberConfirmation","identifier":"PILSSRWSYJ","description":null,"slotTypeName":"ConfirmationSlot","obfuscationSetting":null,"valueElicitationSetting":{"promptSpecification":{"messageGroupsList":[{"message":{"ssmlMessage":null,"imageResponseCard":null,"plainTextMessage":{"value":"To confirm, that was {PhoneNumber}. Correct?"},"customPayload":null},"variations":null}],"allowInterrupt":true,"maxRetries":4},"sampleUtterances":null,"defaultValueSpecification":null,"waitAndContinueSpecification":null,"slotConstraint":"Required"},"multipleValuesSetting":null}