{"name":"LicenseNumber","identifier":"XKTJ9ZEATI","description":null,"slotTypeName":"AMAZON.AlphaNumeric","obfuscationSetting":null,"valueElicitationSetting":{"promptSpecification":{"messageGroupsList":[{"message":{"ssmlMessage":null,"imageResponseCard":null,"plainTextMessage":{"value":"OK. Now say the driver's license number."},"customPayload":null},"variations":null}],"allowInterrupt":true,"maxRetries":4},"sampleUtterances":null,"defaultValueSpecification":null,"waitAndContinueSpecification":null,"slotConstraint":"Required"},"multipleValuesSetting":null}