{"name":"AutoComponents","identifier":"WBRBIKMKUL","description":"Recognizes words that represent auto parts/components","slotTypeValues":[{"synonyms":[{"value":"glass"},{"value":"front glass"},{"value":"window glass"},{"value":"windshield"}],"sampleValue":{"value":"Glass"}},{"synonyms":[{"value":"Bonnet hood"},{"value":"hood"},{"value":"car cover"},{"value":"support stick"}],"sampleValue":{"value":"Bonnet"}},{"synonyms":[{"value":"unexposed bumper"},{"value":"exposed bumber"}],"sampleValue":{"value":"Bumper"}},{"synonyms":[{"value":"Front door"},{"value":"back door"},{"value":"doors"}],"sampleValue":{"value":"Door"}},{"synonyms":[{"value":"Front lights"},{"value":"back lights"},{"value":"spot light"},{"value":"head light"},{"value":"fog light"},{"value":"indicator light"}],"sampleValue":{"value":"Lighting"}},{"synonyms":[{"value":"Airbag sessors"},{"value":"Engine cooler"}],"sampleValue":{"value":"Airbag"}},{"synonyms":[{"value":"heat exchanger"}],"sampleValue":{"value":"Radiator"}},{"synonyms":[{"value":"Rims"},{"value":"wheels"},{"value":"tyre rims"}],"sampleValue":{"value":"Tyre"}},{"synonyms":[{"value":"Braking system"},{"value":"Brake backing plate"},{"value":"ABS"},{"value":"Brake pedal"},{"value":"Hydraulic booster unit"}],"sampleValue":{"value":"Brakes"}},{"synonyms":[{"value":"Engine cradle"},{"value":"Piston"},{"value":"Camshaft"},{"value":"Crankshaft"},{"value":"Air duct"},{"value":"Fan belt"}],"sampleValue":{"value":"Engine"}}],"parentSlotTypeSignature":null,"valueSelectionSetting":{"regexFilter":null,"resolutionStrategy":"TOP_RESOLUTION"}}