{"name":"PaymentByCard","identifier":"WMMZY9DV1X","description":"Gathers credit card information from the user to make a payment toward a policy.","parentIntentSignature":null,"sampleUtterances":[{"utterance":"I want to pay using my credit card"},{"utterance":"I want to pay using my card"},{"utterance":"credit card"},{"utterance":"debit card"},{"utterance":"I want to pay by credit card"},{"utterance":"Credit card is fine"},{"utterance":"Debit card is fine"},{"utterance":"By debit card"},{"utterance":"By credit card"},{"utterance":"I would prefer credit card"}],"intentConfirmationSetting":{"isActive":true,"promptSpecification":{"messageGroupsList":[{"message":{"ssmlMessage":null,"imageResponseCard":null,"plainTextMessage":{"value":"OK. Can I go ahead with this payment method?"},"customPayload":null},"variations":null}],"allowInterrupt":true,"maxRetries":4},"declinationResponse":{"messageGroupsList":[{"message":{"ssmlMessage":null,"imageResponseCard":null,"plainTextMessage":{"value":"Okay then. I will not proceed. What else can I do for you?"},"customPayload":null},"variations":null}],"allowInterrupt":true}},"intentClosingSetting":{"isActive":true,"closingResponse":{"messageGroupsList":[{"message":{"ssmlMessage":{"value":"<speak>Thank you. Your payment will be processed on the payment due date. Your confirmation code is <say-as interpret-as='digits'>230036</say-as>.  We will email you the confirmation code. </speak>"},"imageResponseCard":null,"plainTextMessage":null,"customPayload":null},"variations":null}],"allowInterrupt":true}},"inputContexts":[{"name":"CardPayment","turnsToLive":null,"timeToLiveInSeconds":null}],"outputContexts":null,"kendraConfiguration":null,"dialogCodeHook":{"enabled":true},"fulfillmentCodeHook":{"postFulfillmentStatusSpecification":null,"fulfillmentUpdatesSpecification":null,"enabled":true},"slotPriorities":[{"priority":2,"slotName":"CardNumberConfirmation"},{"priority":5,"slotName":"Zipcode"},{"priority":3,"slotName":"ExpirationDate"},{"priority":1,"slotName":"CardNumber"},{"priority":4,"slotName":"CVVNumber"}]}