{"name":"PaymentAmount","identifier":"BJNYHRFZ9L","description":null,"slotTypeName":"AMAZON.Number","obfuscationSetting":null,"valueElicitationSetting":{"promptSpecification":{"messageGroupsList":[{"message":{"ssmlMessage":null,"imageResponseCard":null,"plainTextMessage":{"value":"Okay. Your next payment of 150 dollars is due on September 25th, 2021.  Your remaining statement balance is, 400 dollars. How much would you like to pay?"},"customPayload":null},"variations":null}],"allowInterrupt":true,"maxRetries":4},"sampleUtterances":[{"utterance":"{PaymentAmount} dollars"},{"utterance":"dollars {PaymentAmount}"},{"utterance":"$ {PaymentAmount}"},{"utterance":"{PaymentAmount} $"}],"defaultValueSpecification":null,"waitAndContinueSpecification":null,"slotConstraint":"Required"},"multipleValuesSetting":null}