{"name":"VehicleModel","identifier":"B3YKKEWDW9","description":"Recognizes words that represent the model of a vehicle.","slotTypeValues":[{"synonyms":null,"sampleValue":{"value":"MDX"}},{"synonyms":null,"sampleValue":{"value":"RDX"}},{"synonyms":null,"sampleValue":{"value":"RL"}},{"synonyms":null,"sampleValue":{"value":"TL"}},{"synonyms":null,"sampleValue":{"value":"TSX"}},{"synonyms":null,"sampleValue":{"value":"Competizione"}},{"synonyms":null,"sampleValue":{"value":"DBS"}},{"synonyms":null,"sampleValue":{"value":"DB9"}},{"synonyms":null,"sampleValue":{"value":"A3"}},{"synonyms":null,"sampleValue":{"value":"A4"}},{"synonyms":null,"sampleValue":{"value":"A5"}},{"synonyms":null,"sampleValue":{"value":"A6"}},{"synonyms":null,"sampleValue":{"value":"A8"}},{"synonyms":null,"sampleValue":{"value":"Q5"}},{"synonyms":null,"sampleValue":{"value":"Q7"}},{"synonyms":null,"sampleValue":{"value":"S4"}},{"synonyms":null,"sampleValue":{"value":"S5"}},{"synonyms":null,"sampleValue":{"value":"S6"}},{"synonyms":null,"sampleValue":{"value":"S8"}},{"synonyms":null,"sampleValue":{"value":"TT"}},{"synonyms":null,"sampleValue":{"value":"Arnage"}},{"synonyms":null,"sampleValue":{"value":"Azure"}},{"synonyms":null,"sampleValue":{"value":"Brooklands"}},{"synonyms":null,"sampleValue":{"value":"Continental"}},{"synonyms":null,"sampleValue":{"value":"M3"}},{"synonyms":null,"sampleValue":{"value":"M5"}},{"synonyms":null,"sampleValue":{"value":"M6"}},{"synonyms":null,"sampleValue":{"value":"X3"}},{"synonyms":null,"sampleValue":{"value":"X5"}},{"synonyms":null,"sampleValue":{"value":"X6"}},{"synonyms":null,"sampleValue":{"value":"Z4"}},{"synonyms":null,"sampleValue":{"value":"128I"}},{"synonyms":null,"sampleValue":{"value":"135I"}},{"synonyms":null,"sampleValue":{"value":"328XI"}},{"synonyms":null,"sampleValue":{"value":"Lacrosse"}},{"synonyms":null,"sampleValue":{"value":"CTS"}},{"synonyms":null,"sampleValue":{"value":"Escalade"}},{"synonyms":null,"sampleValue":{"value":"Avalanche"}},{"synonyms":null,"sampleValue":{"value":"Aveo"}},{"synonyms":null,"sampleValue":{"value":"Cobalt"}},{"synonyms":null,"sampleValue":{"value":"Impala"}},{"synonyms":null,"sampleValue":{"value":"Malibu"}},{"synonyms":null,"sampleValue":{"value":"Aspen"}},{"synonyms":null,"sampleValue":{"value":"Sebring"}},{"synonyms":null,"sampleValue":{"value":"Avenger"}},{"synonyms":null,"sampleValue":{"value":"California"}},{"synonyms":null,"sampleValue":{"value":"F430"}},{"synonyms":null,"sampleValue":{"value":"599 GTB"}},{"synonyms":null,"sampleValue":{"value":"Mustang"}},{"synonyms":null,"sampleValue":{"value":"Edge"}},{"synonyms":null,"sampleValue":{"value":"Escape"}},{"synonyms":null,"sampleValue":{"value":"Crown Victoria"}},{"synonyms":null,"sampleValue":{"value":"Taurus"}},{"synonyms":null,"sampleValue":{"value":"Ranger"}},{"synonyms":null,"sampleValue":{"value":"Accord"}},{"synonyms":null,"sampleValue":{"value":"Civic"}},{"synonyms":null,"sampleValue":{"value":"CRV"}},{"synonyms":null,"sampleValue":{"value":"Element"}},{"synonyms":null,"sampleValue":{"value":"Fit"}},{"synonyms":null,"sampleValue":{"value":"Odyssey"}},{"synonyms":null,"sampleValue":{"value":"Pilot"}},{"synonyms":null,"sampleValue":{"value":"Ridgeline"}},{"synonyms":null,"sampleValue":{"value":"Accent"}},{"synonyms":null,"sampleValue":{"value":"Azera"}},{"synonyms":null,"sampleValue":{"value":"Elantra"}},{"synonyms":null,"sampleValue":{"value":"Genesis"}},{"synonyms":null,"sampleValue":{"value":"Sonata"}},{"synonyms":null,"sampleValue":{"value":"Tucson"}},{"synonyms":null,"sampleValue":{"value":"Veracruz"}},{"synonyms":null,"sampleValue":{"value":"Commander"}},{"synonyms":null,"sampleValue":{"value":"Compass"}},{"synonyms":null,"sampleValue":{"value":"Cherokee"}},{"synonyms":null,"sampleValue":{"value":"Liberty"}},{"synonyms":null,"sampleValue":{"value":"Patriot"}},{"synonyms":null,"sampleValue":{"value":"Wrangler"}},{"synonyms":null,"sampleValue":{"value":"Amanti"}},{"synonyms":null,"sampleValue":{"value":"Borrego"}},{"synonyms":null,"sampleValue":{"value":"Optima"}},{"synonyms":null,"sampleValue":{"value":"Rio"}},{"synonyms":null,"sampleValue":{"value":"Rondo"}},{"synonyms":null,"sampleValue":{"value":"Sedona"}},{"synonyms":null,"sampleValue":{"value":"Sorento"}},{"synonyms":null,"sampleValue":{"value":"Spectra"}},{"synonyms":null,"sampleValue":{"value":"Sportage"}},{"synonyms":null,"sampleValue":{"value":"Gallardo"}},{"synonyms":null,"sampleValue":{"value":"LR2"}},{"synonyms":null,"sampleValue":{"value":"LR3"}},{"synonyms":null,"sampleValue":{"value":"Range Rover Sport"}},{"synonyms":null,"sampleValue":{"value":"ES 350"}},{"synonyms":null,"sampleValue":{"value":"GS 350"}},{"synonyms":null,"sampleValue":{"value":"CLK350"}},{"synonyms":null,"sampleValue":{"value":"CLK550"}},{"synonyms":null,"sampleValue":{"value":"C300"}},{"synonyms":null,"sampleValue":{"value":"E320"}},{"synonyms":null,"sampleValue":{"value":"GL450"}},{"synonyms":null,"sampleValue":{"value":"G550"}},{"synonyms":null,"sampleValue":{"value":"Maybach"}},{"synonyms":null,"sampleValue":{"value":"ML320"}},{"synonyms":null,"sampleValue":{"value":"R350"}},{"synonyms":null,"sampleValue":{"value":"SLK 350"}},{"synonyms":null,"sampleValue":{"value":"Cooper"}},{"synonyms":null,"sampleValue":{"value":"Eclipse"}},{"synonyms":null,"sampleValue":{"value":"Galant"}},{"synonyms":null,"sampleValue":{"value":"Lancer"}},{"synonyms":null,"sampleValue":{"value":"Outlander"}},{"synonyms":null,"sampleValue":{"value":"Raider"}},{"synonyms":null,"sampleValue":{"value":"Altima"}},{"synonyms":null,"sampleValue":{"value":"Cube"}},{"synonyms":null,"sampleValue":{"value":"Maxima"}},{"synonyms":null,"sampleValue":{"value":"Rogue"}},{"synonyms":null,"sampleValue":{"value":"Versa"}},{"synonyms":null,"sampleValue":{"value":"Cayenne"}},{"synonyms":null,"sampleValue":{"value":"911 Carrera"}},{"synonyms":null,"sampleValue":{"value":"Phantom"}},{"synonyms":null,"sampleValue":{"value":"Equator"}},{"synonyms":null,"sampleValue":{"value":"Vitara"}},{"synonyms":null,"sampleValue":{"value":"Avalon"}},{"synonyms":null,"sampleValue":{"value":"Camry"}},{"synonyms":null,"sampleValue":{"value":"Corolla"}},{"synonyms":null,"sampleValue":{"value":"Highlander"}},{"synonyms":null,"sampleValue":{"value":"Land cruiser"}},{"synonyms":null,"sampleValue":{"value":"Matrix"}},{"synonyms":null,"sampleValue":{"value":"Prerunner"}},{"synonyms":null,"sampleValue":{"value":"Prius"}},{"synonyms":null,"sampleValue":{"value":"Tacoma"}},{"synonyms":null,"sampleValue":{"value":"Tundra"}},{"synonyms":null,"sampleValue":{"value":"Beetle"}},{"synonyms":null,"sampleValue":{"value":"Tiguan"}},{"synonyms":null,"sampleValue":{"value":"Passat"}},{"synonyms":null,"sampleValue":{"value":"Jetta"}}],"parentSlotTypeSignature":null,"valueSelectionSetting":{"regexFilter":null,"resolutionStrategy":"TOP_RESOLUTION"}}