{"name":"InsuranceType","identifier":"1JAPELKVYA","description":null,"slotTypeName":"InsuranceType","obfuscationSetting":null,"valueElicitationSetting":{"promptSpecification":{"messageGroupsList":[{"message":{"ssmlMessage":null,"imageResponseCard":null,"plainTextMessage":{"value":"Great. I can assist you with that. What kind of policy are you calling about? Auto, or Home?"},"customPayload":null},"variations":null}],"allowInterrupt":true,"maxRetries":4},"sampleUtterances":null,"defaultValueSpecification":null,"waitAndContinueSpecification":null,"slotConstraint":"Optional"},"multipleValuesSetting":null}