{"name":"InjuryConfirmation","identifier":"S4JVFVXKFH","description":null,"slotTypeName":"ConfirmationSlot","obfuscationSetting":null,"valueElicitationSetting":{"promptSpecification":{"messageGroupsList":[{"message":{"ssmlMessage":null,"imageResponseCard":null,"plainTextMessage":{"value":"OK. Was anyone injured?"},"customPayload":null},"variations":null}],"allowInterrupt":true,"maxRetries":4},"sampleUtterances":null,"defaultValueSpecification":null,"waitAndContinueSpecification":null,"slotConstraint":"Required"},"multipleValuesSetting":null}