{"name":"PhoneNumber","identifier":"5WAULG6SBH","description":null,"slotTypeName":"AMAZON.PhoneNumber","obfuscationSetting":null,"valueElicitationSetting":{"promptSpecification":{"messageGroupsList":[{"message":{"ssmlMessage":null,"imageResponseCard":null,"plainTextMessage":{"value":"I can look up your policy based on your phone number. Please say or enter policy holder's phone number."},"customPayload":null},"variations":null}],"allowInterrupt":true,"maxRetries":4},"sampleUtterances":null,"defaultValueSpecification":null,"waitAndContinueSpecification":{"isActive":true,"continueResponse":{"messageGroupsList":[{"message":{"ssmlMessage":null,"imageResponseCard":null,"plainTextMessage":{"value":"Great. Please say or enter policy holder's phone number."},"customPayload":null},"variations":null}],"allowInterrupt":true},"waitingResponse":{"messageGroupsList":[{"message":{"ssmlMessage":null,"imageResponseCard":null,"plainTextMessage":{"value":"Okay. I will wait. Let me know once you are ready."},"customPayload":null},"variations":null}],"allowInterrupt":true},"stillWaitingResponse":{"messageGroupsList":[{"message":{"ssmlMessage":null,"imageResponseCard":null,"plainTextMessage":{"value":"I am here"},"customPayload":null},"variations":null}],"allowInterrupt":null,"timeoutInSeconds":180,"frequencyInSeconds":60}},"slotConstraint":"Required"},"multipleValuesSetting":null}