{"name":"Repeat","identifier":"CWHBRG0HWA","description":"Response to phrases that indicate that user wants the previous message to be repeated.","parentIntentSignature":"AMAZON.RepeatIntent","sampleUtterances":null,"intentConfirmationSetting":null,"intentClosingSetting":null,"inputContexts":null,"outputContexts":null,"kendraConfiguration":null,"dialogCodeHook":null,"fulfillmentCodeHook":{"postFulfillmentStatusSpecification":null,"fulfillmentUpdatesSpecification":null,"enabled":true},"slotPriorities":[]}