{"name":"DOB","identifier":"OI5GOXAXMD","description":null,"slotTypeName":"AMAZON.Date","obfuscationSetting":null,"valueElicitationSetting":{"promptSpecification":{"messageGroupsList":[{"message":{"ssmlMessage":null,"imageResponseCard":null,"plainTextMessage":{"value":"Okay. For verification, please tell me the date of birth of this policy holder."},"customPayload":null},"variations":null}],"allowInterrupt":true,"maxRetries":4},"sampleUtterances":null,"defaultValueSpecification":null,"waitAndContinueSpecification":null,"slotConstraint":"Required"},"multipleValuesSetting":null}