{"name":"MakeModelYear","identifier":"EV2XISIEAN","description":"Follow on intent to AddVehicle, RemoveVehicle, MakeAClaim intents.","parentIntentSignature":null,"sampleUtterances":[{"utterance":"{VehicleYear}  {VehicleMake}  {VehicleModel}"},{"utterance":"{VehicleMake} {VehicleYear} {VehicleModel}"},{"utterance":"{VehicleMake} {VehicleModel}"},{"utterance":"{VehicleMake}"}],"intentConfirmationSetting":{"isActive":false,"promptSpecification":{"messageGroupsList":[{"message":{"ssmlMessage":null,"imageResponseCard":null,"plainTextMessage":{"value":"Alright. Your new estimated monthly premium would be, 231 dollars. That is, an estimated increase of, 69 dollars, from your current monthly premium. The change will be effective, from today, Sept 16 2021 . Do you want to proceed, to accept this new premium, and add the vehicle to your policy? "},"customPayload":null},"variations":null}],"allowInterrupt":true,"maxRetries":4},"declinationResponse":{"messageGroupsList":[{"message":{"ssmlMessage":null,"imageResponseCard":null,"plainTextMessage":{"value":"Okay then, I'll not proceed. Is there anything else I can assist you with?'"},"customPayload":null},"variations":null}],"allowInterrupt":true}},"intentClosingSetting":{"isActive":false,"closingResponse":{"messageGroupsList":[{"message":{"ssmlMessage":null,"imageResponseCard":null,"plainTextMessage":{"value":"Done. New vehicle has been added to your policy, and your premium has been updated accordingly. We will send you an email with the confirmation."},"customPayload":null},"variations":null}],"allowInterrupt":true}},"inputContexts":[{"name":"AddVehicle","turnsToLive":null,"timeToLiveInSeconds":null}],"outputContexts":null,"kendraConfiguration":null,"dialogCodeHook":{"enabled":true},"fulfillmentCodeHook":{"postFulfillmentStatusSpecification":null,"fulfillmentUpdatesSpecification":null,"enabled":true},"slotPriorities":[{"priority":4,"slotName":"TypeOfCoverage"},{"priority":1,"slotName":"VehicleYear"},{"priority":3,"slotName":"VehicleModel"},{"priority":2,"slotName":"VehicleMake"}]}