{"name":"GetPolicyQuote","identifier":"VVILF3FESN","description":"Responds to phrases that indicate that user wants to get a policy quote.","parentIntentSignature":null,"sampleUtterances":[{"utterance":"I want to get a new policy quote"},{"utterance":"get a policy quote"},{"utterance":"New policy quote"},{"utterance":"I am looking for a new policy"},{"utterance":"I want a {InsuranceType} quote"},{"utterance":"get me a {InsuranceType} quote"},{"utterance":"I am looking for a new {InsuranceType} policy"},{"utterance":"I would like to get a policy quote"}],"intentConfirmationSetting":null,"intentClosingSetting":{"isActive":true,"closingResponse":{"messageGroupsList":[{"message":{"ssmlMessage":null,"imageResponseCard":null,"plainTextMessage":{"value":"Thank you for providing the details. Our agent will follow up with you shortly and help you with the policy quote. Is there anything else I can help you with?"},"customPayload":null},"variations":null}],"allowInterrupt":true}},"inputContexts":null,"outputContexts":null,"kendraConfiguration":null,"dialogCodeHook":{"enabled":true},"fulfillmentCodeHook":null,"slotPriorities":[{"priority":1,"slotName":"InsuranceType"},{"priority":5,"slotName":"PhoneNumber"},{"priority":4,"slotName":"LastName"},{"priority":10,"slotName":"MilesPerYear"},{"priority":8,"slotName":"VehicleModel"},{"priority":3,"slotName":"FirstName"},{"priority":7,"slotName":"VehicleMake"},{"priority":9,"slotName":"VehicleYear"},{"priority":6,"slotName":"ZipCode"},{"priority":2,"slotName":"DOB"}]}