{"name":"PaymentByElectronicCheck","identifier":"NKOMRXTQEH","description":"Gathers account information from the user to make a payment toward a policy.","parentIntentSignature":null,"sampleUtterances":[{"utterance":"I want to pay via electronic check"},{"utterance":"I want to pay using bank account"},{"utterance":"from my bank account"},{"utterance":"electronic check"},{"utterance":"I would like to transfer funds from bank account"},{"utterance":"I prefer electronic check"},{"utterance":"electronic transfer"},{"utterance":"checking account"},{"utterance":"savings account"},{"utterance":"Account transfer"}],"intentConfirmationSetting":{"isActive":true,"promptSpecification":{"messageGroupsList":[{"message":{"ssmlMessage":null,"imageResponseCard":null,"plainTextMessage":{"value":"OK. Can I go ahead with this payment method?"},"customPayload":null},"variations":null}],"allowInterrupt":true,"maxRetries":4},"declinationResponse":{"messageGroupsList":[{"message":{"ssmlMessage":null,"imageResponseCard":null,"plainTextMessage":{"value":"Okay then. I will not proceed. What else can I do for you?"},"customPayload":null},"variations":null}],"allowInterrupt":true}},"intentClosingSetting":{"isActive":true,"closingResponse":{"messageGroupsList":[{"message":{"ssmlMessage":{"value":"<speak>Thank you. Your payment will be processed on the payment due date. Your confirmation code is <say-as interpret-as='digits'>230036</say-as>.  We will email you the confirmation code.</speak>"},"imageResponseCard":null,"plainTextMessage":null,"customPayload":null},"variations":null}],"allowInterrupt":true}},"inputContexts":[{"name":"ElectronicCheckPayment","turnsToLive":null,"timeToLiveInSeconds":null}],"outputContexts":null,"kendraConfiguration":null,"dialogCodeHook":{"enabled":true},"fulfillmentCodeHook":{"postFulfillmentStatusSpecification":null,"fulfillmentUpdatesSpecification":null,"enabled":true},"slotPriorities":[{"priority":3,"slotName":"BankAccountNumber"},{"priority":2,"slotName":"RoutingNumberConfirmation"},{"priority":4,"slotName":"AccountNumberConfirmation"},{"priority":1,"slotName":"BankRoutingNumber"}]}