{"name":"AutoInsuranceCoverageType","identifier":"QOJ2SRBFQZ","description":"Recognizes words that represent a type of auto insurance coverage.","slotTypeValues":[{"synonyms":[{"value":"comprehensive"}],"sampleValue":{"value":"Comprehensive Coverage"}},{"synonyms":[{"value":"liability"}],"sampleValue":{"value":"Liability Coverage"}},{"synonyms":[{"value":"Uninsured motorist coverage"},{"value":"Underinsured motorist coverage"},{"value":"motorist"},{"value":"motorist coverage"}],"sampleValue":{"value":"Uninsured and Underinsured Coverage"}},{"synonyms":[{"value":"collision"},{"value":"accident"}],"sampleValue":{"value":"Collision Coverage"}}],"parentSlotTypeSignature":null,"valueSelectionSetting":{"regexFilter":null,"resolutionStrategy":"TOP_RESOLUTION"}}