{"name":"CommunicationChannel","identifier":"7ZVH8SYKH0","description":"Recognizes words that represent a type of communication channel.","slotTypeValues":[{"synonyms":[{"value":"text"},{"value":"sms"},{"value":"phone text"},{"value":"message"}],"sampleValue":{"value":"text"}},{"synonyms":[{"value":"email"},{"value":"electronic mail"},{"value":"e-mail"},{"value":"email address"}],"sampleValue":{"value":"email"}}],"parentSlotTypeSignature":null,"valueSelectionSetting":{"regexFilter":null,"resolutionStrategy":"TOP_RESOLUTION"}}