{"name":"RemoveDriver","identifier":"FPAAO6BOES","description":"Responds to phrases that indicate that user wants to remove a driver from their insurance policy.","parentIntentSignature":null,"sampleUtterances":[{"utterance":"I want to remove a driver from my policy"},{"utterance":"Can you remove a driver from my policy?"},{"utterance":"I want a driver removed from my policy"},{"utterance":"What is the process to remove a person from my policy coverage?"},{"utterance":"Remove driver"}],"intentConfirmationSetting":{"isActive":false,"promptSpecification":{"messageGroupsList":[{"message":{"ssmlMessage":null,"imageResponseCard":null,"plainTextMessage":{"value":"All right. Removing a driver from your policy will generally result in premium change. Your new estimated monthly premium would be, 162 dollars. The change will be effective, from today, Sept 21, 2021. Should I go ahead and remove the driver?"},"customPayload":null},"variations":null}],"allowInterrupt":true,"maxRetries":4},"declinationResponse":{"messageGroupsList":[{"message":{"ssmlMessage":null,"imageResponseCard":null,"plainTextMessage":{"value":"Okay then. I will not proceed. Is there anything else I can help you with?"},"customPayload":null},"variations":null}],"allowInterrupt":true}},"intentClosingSetting":{"isActive":false,"closingResponse":{"messageGroupsList":[{"message":{"ssmlMessage":null,"imageResponseCard":null,"plainTextMessage":{"value":"Thanks. The driver will be removed from your existing auto policy, and your premium will be updated accordingly.  We will send you an email with the confirmation."},"customPayload":null},"variations":null}],"allowInterrupt":true}},"inputContexts":null,"outputContexts":null,"kendraConfiguration":null,"dialogCodeHook":{"enabled":true},"fulfillmentCodeHook":{"postFulfillmentStatusSpecification":null,"fulfillmentUpdatesSpecification":null,"enabled":true},"slotPriorities":[{"priority":2,"slotName":"PhoneNumberConfirmation"},{"priority":6,"slotName":"LastName"},{"priority":1,"slotName":"PhoneNumber"},{"priority":3,"slotName":"DOB"},{"priority":4,"slotName":"LicenceNumber"},{"priority":5,"slotName":"FirstName"}]}