{"name":"MilesPerYear","identifier":"FKNQKDXMZH","description":null,"slotTypeName":"AMAZON.Number","obfuscationSetting":null,"valueElicitationSetting":{"promptSpecification":{"messageGroupsList":[{"message":{"ssmlMessage":null,"imageResponseCard":null,"plainTextMessage":{"value":"OK. What is the expected annual mileage? "},"customPayload":null},"variations":null}],"allowInterrupt":true,"maxRetries":4},"sampleUtterances":[{"utterance":"{MilesPerYear} miles per annum"},{"utterance":"{MilesPerYear} miles"},{"utterance":"around {MilesPerYear} miles"},{"utterance":"about {MilesPerYear} miles"}],"defaultValueSpecification":null,"waitAndContinueSpecification":null,"slotConstraint":"Required"},"multipleValuesSetting":null}