{"name":"Relationship","identifier":"8OFDMTWEGP","description":"Recognizes words that represent a family relationship.","slotTypeValues":[{"synonyms":[{"value":"spouse"},{"value":"wife"},{"value":"husband"}],"sampleValue":{"value":"Spouse"}},{"synonyms":[{"value":"Son"},{"value":"Daughter"},{"value":"children"},{"value":"offspring"},{"value":"male child"},{"value":"female child"},{"value":"kid"}],"sampleValue":{"value":"Child"}},{"synonyms":[{"value":"co-owner"}],"sampleValue":{"value":"Co-Owner"}},{"synonyms":[{"value":"employee"},{"value":"worker"},{"value":"laborer"},{"value":"servant"},{"value":"employed"},{"value":"staff"},{"value":"assistant"},{"value":"staff member"},{"value":"agent"},{"value":"attendant"},{"value":"domestic help"},{"value":"nanny"},{"value":"housekeeper"}],"sampleValue":{"value":"Employee"}},{"synonyms":[{"value":"other"},{"value":"relative"},{"value":"uncle"},{"value":"aunt"},{"value":"friend"}],"sampleValue":{"value":"Other"}},{"synonyms":[{"value":"myself"},{"value":"me"}],"sampleValue":{"value":"Self"}}],"parentSlotTypeSignature":null,"valueSelectionSetting":{"regexFilter":null,"resolutionStrategy":"TOP_RESOLUTION"}}