{"name":"CauseOfDamage","identifier":"EMDPVR5QMV","description":null,"slotTypeName":"CauseOfDamage","obfuscationSetting":null,"valueElicitationSetting":{"promptSpecification":{"messageGroupsList":[{"message":{"ssmlMessage":null,"imageResponseCard":null,"plainTextMessage":{"value":"Okay. What is the cause of damage? You can say something like collision with other vehicle, flooding, or theft"},"customPayload":null},"variations":null}],"allowInterrupt":true,"maxRetries":4},"sampleUtterances":null,"defaultValueSpecification":null,"waitAndContinueSpecification":null,"slotConstraint":"Required"},"multipleValuesSetting":null}