{"name":"MaritalStatus","identifier":"NGOVA9YJWP","description":"Recognizes words that represent a marital status.","slotTypeValues":[{"synonyms":[{"value":"married"}],"sampleValue":{"value":"Married"}},{"synonyms":[{"value":"single"}],"sampleValue":{"value":"Single"}},{"synonyms":[{"value":"divorced"}],"sampleValue":{"value":"Divorced"}},{"synonyms":[{"value":"separated"}],"sampleValue":{"value":"Separated"}},{"synonyms":[{"value":"widowed"}],"sampleValue":{"value":"Widowed"}}],"parentSlotTypeSignature":null,"valueSelectionSetting":{"regexFilter":null,"resolutionStrategy":"TOP_RESOLUTION"}}