{"name":"VehicleMake","identifier":"E94X2KBNW1","description":null,"slotTypeName":"VehicleMake","obfuscationSetting":null,"valueElicitationSetting":{"promptSpecification":{"messageGroupsList":[{"message":{"ssmlMessage":null,"imageResponseCard":null,"plainTextMessage":{"value":"I am going to request the vehicle details to help you remove vehicle from policy. Tell me the make of the vehicle."},"customPayload":null},"variations":null}],"allowInterrupt":true,"maxRetries":4},"sampleUtterances":null,"defaultValueSpecification":null,"waitAndContinueSpecification":null,"slotConstraint":"Required"},"multipleValuesSetting":null}