{"name":"RemoveVehicle","identifier":"AA2RTE8F02","description":"Responds to phrases that indicate that user wants to remove a vehicle from their insurance policy.","parentIntentSignature":null,"sampleUtterances":[{"utterance":"How to cancel insurance for one of my cars?"},{"utterance":"How to remove car from insurance policy?"},{"utterance":"How do I take a car off my insurance?"},{"utterance":"I want to remove one car from my policy as it is no longer with me"},{"utterance":"Will my car insurance go down if I remove a car?"},{"utterance":"I sold my car so I want it removed from policy"},{"utterance":"I want to drop insurance coverage for one of my cars"},{"utterance":"My vehicle is sold, can I take it off my insurance policy?"},{"utterance":"remove vehicle"}],"intentConfirmationSetting":{"isActive":true,"promptSpecification":{"messageGroupsList":[{"message":{"ssmlMessage":null,"imageResponseCard":null,"plainTextMessage":{"value":"Alright. Removing a vehicle from your policy will result in premium decrease. Your new estimated monthly premium would be, $162.  The change will be effective, from today, Aug 25 2021. Should I go ahead and remove the vehicle?"},"customPayload":null},"variations":null}],"allowInterrupt":true,"maxRetries":4},"declinationResponse":{"messageGroupsList":[{"message":{"ssmlMessage":null,"imageResponseCard":null,"plainTextMessage":{"value":"Okay then, Is there anything else I can help you with?"},"customPayload":null},"variations":null}],"allowInterrupt":true}},"intentClosingSetting":{"isActive":true,"closingResponse":{"messageGroupsList":[{"message":{"ssmlMessage":null,"imageResponseCard":null,"plainTextMessage":{"value":"Done. The vehicle has been removed from your policy and your premium has been updated accordingly. We will send you an email with the confirmation."},"customPayload":null},"variations":null}],"allowInterrupt":true}},"inputContexts":null,"outputContexts":null,"kendraConfiguration":null,"dialogCodeHook":{"enabled":true},"fulfillmentCodeHook":{"postFulfillmentStatusSpecification":null,"fulfillmentUpdatesSpecification":null,"enabled":true},"slotPriorities":[{"priority":1,"slotName":"PhoneNumber"},{"priority":4,"slotName":"VehicleMake"},{"priority":3,"slotName":"DOB"},{"priority":5,"slotName":"VehicleModel"},{"priority":6,"slotName":"VehicleYear"},{"priority":2,"slotName":"PhoneNumberConfirmation"}]}