{"name":"InsuranceType","identifier":"VBM9N7WPXE","description":"Recognizes words that represent a type of insurance.","slotTypeValues":[{"synonyms":[{"value":"Auto"},{"value":"auto policy"},{"value":"car"},{"value":"bike"},{"value":"motorcycle"},{"value":"boat"},{"value":"Car insurance"},{"value":"vehicle"}],"sampleValue":{"value":"Vehicle Insurance"}},{"synonyms":[{"value":"home"},{"value":"home policy"},{"value":"homeowners"},{"value":"renters"},{"value":"condo"},{"value":"house"}],"sampleValue":{"value":"Property Insurance"}},{"synonyms":[{"value":"life"},{"value":"term"},{"value":"term insurance"},{"value":"term life insurance"},{"value":"term life"}],"sampleValue":{"value":"Life Insurance"}},{"synonyms":[{"value":"pet"}],"sampleValue":{"value":"Pet Insurance"}},{"synonyms":[{"value":"travel"},{"value":"trip"}],"sampleValue":{"value":"Travel Insurance"}},{"synonyms":[{"value":"wedding"},{"value":"marriage"},{"value":"marry"}],"sampleValue":{"value":"Wedding Insurance"}},{"synonyms":[{"value":"accident"}],"sampleValue":{"value":"Accident Insurance"}}],"parentSlotTypeSignature":null,"valueSelectionSetting":{"regexFilter":null,"resolutionStrategy":"TOP_RESOLUTION"}}