{"name":"Gender","identifier":"JHR0G1NJZT","description":"Recognizes words that represent a gender.","slotTypeValues":[{"synonyms":[{"value":"male"},{"value":"man"},{"value":"M"}],"sampleValue":{"value":"Male"}},{"synonyms":[{"value":"female"},{"value":"lady"},{"value":"girl"},{"value":"woman"},{"value":"F"}],"sampleValue":{"value":"Female"}},{"synonyms":[{"value":"none"}],"sampleValue":{"value":"Other"}},{"synonyms":[{"value":"don't want to say"},{"value":"rather not say"}],"sampleValue":{"value":"Prefer not to say"}}],"parentSlotTypeSignature":null,"valueSelectionSetting":{"regexFilter":null,"resolutionStrategy":"TOP_RESOLUTION"}}