{"name":"CauseOfDamage","identifier":"9GF0WUWY9H","description":"Recognizes words that represent the cause of damage","slotTypeValues":[{"synonyms":[{"value":"met with an accident"},{"value":"hit another car"},{"value":"hit another vehicle"},{"value":"another car hit me"},{"value":"a car hit me"},{"value":"a vehicle rammed into my car"},{"value":"collision with another vehicle"}],"sampleValue":{"value":"Accident with other vehicle"}},{"synonyms":[{"value":"car hit an object"},{"value":"car hit a stationary object"},{"value":"car hit a pole"},{"value":"collision with fixed object"},{"value":"hit a wall"},{"value":"rammed into a wall"},{"value":"hit a wall"},{"value":"hit an object"}],"sampleValue":{"value":"Contact with fixed object"}},{"synonyms":[{"value":"collision with an animal"},{"value":"hit an animal"},{"value":"animal collided with my car"},{"value":"contact with an animal"},{"value":"a deer hit my car"}],"sampleValue":{"value":"Contact with animal"}},{"synonyms":[{"value":"vandalized"},{"value":"car vandalized"},{"value":"hooliganism"},{"value":"malicious activity"},{"value":"mischief"},{"value":"intentional damage"},{"value":"sabotage"},{"value":"tires slashed"},{"value":"paint scratched"}],"sampleValue":{"value":"Vandalism"}},{"synonyms":[{"value":"vehicle parts stolen"},{"value":"wheels stolen"},{"value":"items stolem"},{"value":"mirror stolen"},{"value":"wiper stolen"},{"value":"light stolen"},{"value":"items missing"}],"sampleValue":{"value":"Partial theft"}},{"synonyms":[{"value":"car stolen"},{"value":"car theft"},{"value":"vehicle theft"},{"value":"vehicle missing"},{"value":"can't find my vehicle"},{"value":"car robbery"}],"sampleValue":{"value":"Theft"}},{"synonyms":[{"value":"damage due to a hailstorm"},{"value":"hailstones hit my vehicle"},{"value":"hailstones"}],"sampleValue":{"value":"Hail damage"}},{"synonyms":[{"value":"flood"},{"value":"damage due to flood"},{"value":"flooding"}],"sampleValue":{"value":"Flood damage"}},{"synonyms":[{"value":"bad road"},{"value":"broken road"},{"value":"damage due to improper road"}],"sampleValue":{"value":"Earth movement"}},{"synonyms":[{"value":"fire damage"},{"value":"flames"}],"sampleValue":{"value":"Fire"}},{"synonyms":[{"value":"off road"},{"value":"slipped off road"},{"value":"drove off road"},{"value":"slipped off road"}],"sampleValue":{"value":"Ran off road"}},{"synonyms":[{"value":"don't know"},{"value":"not sure"},{"value":"don't remember"},{"value":"difficult to say"}],"sampleValue":{"value":"Unknown"}}],"parentSlotTypeSignature":null,"valueSelectionSetting":{"regexFilter":null,"resolutionStrategy":"TOP_RESOLUTION"}}