{"name":"CVVNumber","identifier":"ZJLGDKGMFK","description":null,"slotTypeName":"CVVNumber","obfuscationSetting":null,"valueElicitationSetting":{"promptSpecification":{"messageGroupsList":[{"message":{"ssmlMessage":null,"imageResponseCard":null,"plainTextMessage":{"value":"{ExpirationDate}, OK. Please enter the CVV number, or security code printed on the back of the card."},"customPayload":null},"variations":null}],"allowInterrupt":true,"maxRetries":4},"sampleUtterances":null,"defaultValueSpecification":null,"waitAndContinueSpecification":null,"slotConstraint":"Required"},"multipleValuesSetting":null}