{"name":"PolicyType","identifier":"IQAGRYDXLD","description":null,"slotTypeName":"InsuranceType","obfuscationSetting":null,"valueElicitationSetting":{"promptSpecification":{"messageGroupsList":[{"message":{"ssmlMessage":null,"imageResponseCard":null,"plainTextMessage":{"value":"Alright. I see you have two policies with us. Which policy premium would you like to pay, auto, or homeowners?"},"customPayload":null},"variations":null}],"allowInterrupt":true,"maxRetries":4},"sampleUtterances":null,"defaultValueSpecification":null,"waitAndContinueSpecification":null,"slotConstraint":"Optional"},"multipleValuesSetting":null}