{"name":"RoutingNumberConfirmation","identifier":"AZXN5QVUEG","description":null,"slotTypeName":"ConfirmationSlot","obfuscationSetting":null,"valueElicitationSetting":{"promptSpecification":{"messageGroupsList":[{"message":{"ssmlMessage":{"value":"<speak>To confirm, that is <say-as interpret-as='digits'>{BankRoutingNumber}</say-as> . Right?</speak>"},"imageResponseCard":null,"plainTextMessage":null,"customPayload":null},"variations":null}],"allowInterrupt":true,"maxRetries":4},"sampleUtterances":null,"defaultValueSpecification":null,"waitAndContinueSpecification":null,"slotConstraint":"Required"},"multipleValuesSetting":null}