{"name":"AddVehicle","identifier":"879FKWBCSN","description":"Responds to phrases that indicate that user wants to add a vehicle to their policy.","parentIntentSignature":null,"sampleUtterances":[{"utterance":"How to add a new vehicle to my auto insurance?"},{"utterance":"Can I add another car to my insurance policy?"},{"utterance":"What is the cost to add additional car to my policy?"},{"utterance":"I want to insure more cars on my policy"},{"utterance":"Does it cost more to insure another vehicle on my policy?"},{"utterance":"I want to cover another vehicle in my insurance policy"},{"utterance":"I got a new car, and I want to add it to my existing policy"},{"utterance":"Include another vehicle in my policy"},{"utterance":"I got a new vehicle, and I want to add it to my policy"},{"utterance":"Add vehicle"}],"intentConfirmationSetting":{"isActive":true,"promptSpecification":{"messageGroupsList":[{"message":{"ssmlMessage":null,"imageResponseCard":null,"plainTextMessage":{"value":"OK. Adding a vehicle to your policy will result in premium increase. Your new estimated monthly premium would be, $231. The change will be effective, from today, September 16th 2021. Can I go ahead and add the vehicle?"},"customPayload":null},"variations":null}],"allowInterrupt":true,"maxRetries":4},"declinationResponse":{"messageGroupsList":[{"message":{"ssmlMessage":null,"imageResponseCard":null,"plainTextMessage":{"value":"Okay then. I will not proceed. Is there anything else I can assist you with?"},"customPayload":null},"variations":null}],"allowInterrupt":true}},"intentClosingSetting":{"isActive":true,"closingResponse":{"messageGroupsList":[{"message":{"ssmlMessage":null,"imageResponseCard":null,"plainTextMessage":{"value":"Done. New vehicle has been added to your policy, and your premium has been updated accordingly. We will send you an email with the confirmation."},"customPayload":null},"variations":null}],"allowInterrupt":true}},"inputContexts":null,"outputContexts":[{"name":"AddVehicle","turnsToLive":3,"timeToLiveInSeconds":90}],"kendraConfiguration":null,"dialogCodeHook":{"enabled":true},"fulfillmentCodeHook":{"postFulfillmentStatusSpecification":null,"fulfillmentUpdatesSpecification":null,"enabled":true},"slotPriorities":[{"priority":1,"slotName":"PhoneNumber"},{"priority":5,"slotName":"VIN"},{"priority":6,"slotName":"TypeofCoverage"},{"priority":4,"slotName":"VINAvailable"},{"priority":2,"slotName":"PhoneNumberConfirmation"},{"priority":3,"slotName":"DOB"}]}