{"name":"AddDriver","identifier":"1F7IRVWAC8","description":"Responds to phrases that indicate that user wants to add a driver to their policy.","parentIntentSignature":null,"sampleUtterances":[{"utterance":"I want to add a driver to my policy"},{"utterance":"Can you add more drivers to my policy?"},{"utterance":"How to add driver to my existing auto policy?"},{"utterance":"Register one more driver to my policy"},{"utterance":"I want to add my {Relationship} to my policy"},{"utterance":"What is the process to add another driver to my policy?"},{"utterance":"My {Relationship} got a drivers license and I want to add them to my policy"},{"utterance":"Add driver"}],"intentConfirmationSetting":{"isActive":false,"promptSpecification":{"messageGroupsList":[{"message":{"ssmlMessage":null,"imageResponseCard":null,"plainTextMessage":{"value":"All right. Adding a driver to your policy will result in premium increase. Your new estimated monthly premium would be, 231 dollars. The change will be effective, from today, September 16th, 2021. Can I go ahead and add the driver?"},"customPayload":null},"variations":null}],"allowInterrupt":true,"maxRetries":4},"declinationResponse":{"messageGroupsList":[{"message":{"ssmlMessage":null,"imageResponseCard":null,"plainTextMessage":{"value":"Okay then. I will not proceed. What else can I do for you?"},"customPayload":null},"variations":null}],"allowInterrupt":true}},"intentClosingSetting":{"isActive":false,"closingResponse":{"messageGroupsList":[{"message":{"ssmlMessage":null,"imageResponseCard":null,"plainTextMessage":{"value":"Done. New driver has been added to your policy, and your premium has been updated accordingly. We will send you an email with the confirmation."},"customPayload":null},"variations":null}],"allowInterrupt":true}},"inputContexts":null,"outputContexts":null,"kendraConfiguration":null,"dialogCodeHook":{"enabled":true},"fulfillmentCodeHook":{"postFulfillmentStatusSpecification":null,"fulfillmentUpdatesSpecification":null,"enabled":true},"slotPriorities":[{"priority":5,"slotName":"LastName"},{"priority":1,"slotName":"PhoneNumber"},{"priority":10,"slotName":"LicenceConfirmation"},{"priority":7,"slotName":"MaritalStatus"},{"priority":8,"slotName":"Relationship"},{"priority":6,"slotName":"DriverDOB"},{"priority":4,"slotName":"FirstName"},{"priority":2,"slotName":"PhoneNumberConfirmation"},{"priority":9,"slotName":"LicenseNumber"},{"priority":3,"slotName":"DOB"}]}