{"name":"Zipcode","identifier":"CFGP2SCORC","description":null,"slotTypeName":"Zipcode","obfuscationSetting":null,"valueElicitationSetting":{"promptSpecification":{"messageGroupsList":[{"message":{"ssmlMessage":{"value":"<speak><say-as interpret-as='digits'>{CVVNumber}</say-as>, Got it. For verification, please say or enter the billing ZIP code.</speak>"},"imageResponseCard":null,"plainTextMessage":null,"customPayload":null},"variations":null}],"allowInterrupt":true,"maxRetries":4},"sampleUtterances":null,"defaultValueSpecification":null,"waitAndContinueSpecification":null,"slotConstraint":"Optional"},"multipleValuesSetting":null}