{"name":"PaymentMethod","identifier":"WBECOVHVWI","description":null,"slotTypeName":"PaymentMethod","obfuscationSetting":null,"valueElicitationSetting":{"promptSpecification":{"messageGroupsList":[{"message":{"ssmlMessage":null,"imageResponseCard":null,"plainTextMessage":{"value":"Okay then, how would you like to pay, by credit card, debit card, or electronic transfer?"},"customPayload":null},"variations":null}],"allowInterrupt":true,"maxRetries":4},"sampleUtterances":null,"defaultValueSpecification":null,"waitAndContinueSpecification":null,"slotConstraint":"Optional"},"multipleValuesSetting":null}