{"name":"IncidentLocation","identifier":"AVKPUJ12QC","description":null,"slotTypeName":"AMAZON.StreetName","obfuscationSetting":null,"valueElicitationSetting":{"promptSpecification":{"messageGroupsList":[{"message":{"ssmlMessage":null,"imageResponseCard":null,"plainTextMessage":{"value":"Got it. Where did the incident happen? Tell me the street name"},"customPayload":null},"variations":null}],"allowInterrupt":true,"maxRetries":4},"sampleUtterances":null,"defaultValueSpecification":null,"waitAndContinueSpecification":null,"slotConstraint":"Required"},"multipleValuesSetting":null}