{"name":"MakeAClaim","identifier":"FHXTUW2OGW","description":"Responds to phrases that indicate that user wants to make a claim.","parentIntentSignature":null,"sampleUtterances":[{"utterance":"i want to make a claim"},{"utterance":"make a claim"},{"utterance":"I want to raise a claim"},{"utterance":"I want to file a glass damage claim"},{"utterance":"I wan to report vehicle damage"},{"utterance":"My vehicle met with accident and I want to make an insurance claim for damage"},{"utterance":"I want to claim insurance "},{"utterance":"I want to claim car insurance"},{"utterance":"File car insurance claim"},{"utterance":"File vehicle insurance claim"}],"intentConfirmationSetting":{"isActive":true,"promptSpecification":{"messageGroupsList":[{"message":{"ssmlMessage":null,"imageResponseCard":null,"plainTextMessage":{"value":"OK. I have got the details of the incident. Can I go ahead and file this claim?"},"customPayload":null},"variations":null}],"allowInterrupt":true,"maxRetries":4},"declinationResponse":{"messageGroupsList":[{"message":{"ssmlMessage":null,"imageResponseCard":null,"plainTextMessage":{"value":"Okay then. I will not proceed. Is there anything else I can assist you with?."},"customPayload":null},"variations":null}],"allowInterrupt":true}},"intentClosingSetting":{"isActive":true,"closingResponse":{"messageGroupsList":[{"message":{"ssmlMessage":{"value":"<speak>Thank you. Your claim number is <say-as interpret-as='digits'>230036</say-as>. That is <say-as interpret-as='digits'>230036</say-as>. A claims associate will follow up with you shortly.</speak>"},"imageResponseCard":null,"plainTextMessage":null,"customPayload":null},"variations":null}],"allowInterrupt":true}},"inputContexts":null,"outputContexts":null,"kendraConfiguration":null,"dialogCodeHook":{"enabled":true},"fulfillmentCodeHook":{"postFulfillmentStatusSpecification":null,"fulfillmentUpdatesSpecification":null,"enabled":true},"slotPriorities":[{"priority":5,"slotName":"VehicleModel"},{"priority":3,"slotName":"DOB"},{"priority":9,"slotName":"IncidentLocation"},{"priority":7,"slotName":"DamageComponent"},{"priority":8,"slotName":"CauseOfDamage"},{"priority":4,"slotName":"VehicleMake"},{"priority":6,"slotName":"VehicleYear"},{"priority":2,"slotName":"PhoneNumberConfirmation"},{"priority":10,"slotName":"InjuryConfirmation"},{"priority":1,"slotName":"PhoneNumber"}]}