{"name":"Relationship","identifier":"LAXYTHLB0X","description":null,"slotTypeName":"Relationship","obfuscationSetting":null,"valueElicitationSetting":{"promptSpecification":{"messageGroupsList":[{"message":{"ssmlMessage":null,"imageResponseCard":null,"plainTextMessage":{"value":"And what is the driver's relationship with the policy holder? For example, you can say something like, spouse, child, co-owner, employee, or others."},"customPayload":null},"variations":null}],"allowInterrupt":true,"maxRetries":4},"sampleUtterances":null,"defaultValueSpecification":null,"waitAndContinueSpecification":null,"slotConstraint":"Required"},"multipleValuesSetting":null}