{"name":"PaymentMethod","identifier":"2TY3TQ1I6L","description":"Recognizes words that represent a payment method.","slotTypeValues":[{"synonyms":[{"value":"creditcard"},{"value":"credit"},{"value":"credit-card"},{"value":"bank credit card"}],"sampleValue":{"value":"Credit card"}},{"synonyms":[{"value":"debitcard"},{"value":"debit"},{"value":"debit-card"},{"value":"band debit card"}],"sampleValue":{"value":"Debit card"}},{"synonyms":[{"value":"checking"},{"value":"checking account"},{"value":"savings"},{"value":"savings account"},{"value":"bank transfer"},{"value":"electronic transfer"},{"value":"fund transfer"},{"value":"electronic check"}],"sampleValue":{"value":"Electronic fund transfer"}}],"parentSlotTypeSignature":null,"valueSelectionSetting":{"regexFilter":null,"resolutionStrategy":"TOP_RESOLUTION"}}